blog_file|new_image
blog-50-50-deposit-china.html|/Images/blog/blog-50-50-deposit.jpg
blog-agent-vs-trading-company.html|/Images/blog/blog-sourcing-agent-vs-trading-company.jpg
blog-ai-tools-sourcing-china.html|/Images/blog/blog-ai-tools-sourcing.jpg
blog-air-freight-china.html|/Images/blog/global-logistics.jpg
blog-alibaba-vs-sourcing-agent.html|/Images/blog/blog-alibaba-vs-agent.jpg
blog-amazon-fba-prep-china.html|/Images/blog/blog-8-preparation-v7.jpg
blog-amazon-fba-prep-requirements.html|/Images/blog/FBA.jpg
blog-amazon-fba-qc-inspection.html|/Images/hero-fba-prep.jpg
blog-amazon-fba-shipping-china.html|/Images/blog/blog-amazon-fba-prep-service-china.jpg
blog-amazon-fba-sourcing-china.html|/Images/Audit2.jpg
blog-amazon-private-label-china.html|/Images/blog/blog-amazon-private-label.jpg
blog-amazon-restricted-products-china.html|/Images/blog/Compliance.jpg
blog-apparel-oem-china.html|/Images/blog/blog-apparel-oem.jpg
blog-aql-2-5-inspection-guide.html|/Images/blog/blog-aql-inspection-guide.jpg
blog-bank-transfer-china-supplier.html|/Images/blog/blog-bank-transfer-china.jpg
blog-battery-shipping-compliance.html|/Images/blog/blog-battery-shipping.jpg
blog-canton-fair-sourcing.html|/Images/blog/Yiwu_internation_city.jpg
blog-ce-certification-china.html|/Images/compliance-v2.jpg
blog-china-customs-clearance.html|/Images/blog/loading_containers.jpg
blog-china-factory-audit.html|/Images/blog/Audit3.jpg
blog-china-odm-vs-oem.html|/Images/blog/oem-private-label.jpg
blog-china-sourcing-agent-europe.html|/Images/blog/international_trading_city_pic.jpg
blog-china-sourcing-agent-germany.html|/Images/hero-yiwu-market.jpg
blog-china-sourcing-contract.html|/Images/blog/blog-sourcing-contract.jpg
blog-china-sourcing-currency.html|/Images/blog/blog-sourcing-currency.jpg
blog-china-sourcing-freight-cost-reduce.html|/Images/blog/blog-freight-cost-reduce.jpg
blog-china-sourcing-negotiation.html|/Images/hero-team-office.jpg
blog-china-sourcing-scams.html|/Images/blog/blog-sourcing-scams.jpg
blog-china-sourcing-time-calculator.html|/Images/blog/blog-sourcing-time-calculator.jpg
blog-china-sourcing-turkiye.html|/Images/blog/blog-sourcing-turkiye.jpg
blog-china-supplier-fake-invoice.html|/Images/blog/blog-fake-invoice.jpg
blog-china-warehousing-consolidation.html|/Images/blog/warehouse.jpg
blog-codex-ai-sourcing-payment.html|/Images/blog/blog-codex-ai-payment.jpg
blog-cpc-certificate-children.html|/Images/blog/blog-cpc-certificate.jpg
blog-custom-product-manufacturing-china.html|/Images/blog/Product_Sourcing.jpg
blog-ddp-shipping-china.html|/Images/blog/blog-ddp-shipping.jpg
blog-defect-classification-qc.html|/Images/blog/blog-qc-defect-classification.jpg
blog-electronics-oem-china.html|/Images/hero-factory-production.jpg
blog-ethical-sourcing-china.html|/Images/blog/blog-ethical-sourcing.jpg
blog-express-courier-china.html|/Images/blog/blog-express-courier.jpg
blog-fba-product-research-china.html|/Images/blog/products_(3).jpg
blog-fcc-certification-china.html|/Images/blog/blog-fcc-certification.jpg
blog-fda-import-china.html|/Images/blog/blog-fda-import.jpg
blog-fob-vs-exw-vs-ddp.html|/Images/blog/blog-fob-vs-exw-vs-ddp.jpg
blog-food-contact-materials-china.html|/Images/blog/blog-food-contact-materials.jpg
blog-hs-code-lookup-china.html|/Images/blog/blog-hs-code-lookup.jpg
blog-in-process-quality-inspection.html|/Images/blog/blog-in-process-inspection.jpg
blog-incoterms-china-sourcing.html|/Images/loading.jpg
blog-ip-protection-china-sourcing.html|/Images/logo_and_mold.jpg
blog-landed-cost-calculator-china.html|/Images/blog/blog-landed-cost-calculator.jpg
blog-low-moq-sourcing-china.html|/Images/blog/small-moq-sourcing.jpg
blog-mold-cost-china.html|/Images/blog/blog-mold-cost.jpg
blog-oem-private-label-china.html|/Images/blog/blog-oem-private-label.jpg
blog-paypal-for-china-sourcing.html|/Images/blog/blog-paypal-sourcing.jpg
blog-pre-shipment-inspection-china.html|/Images/blog/blog-pre-shipment-inspection.jpg
blog-private-label-beauty-china.html|/Images/blog/blog-private-label-beauty.jpg
blog-private-label-packaging-china.html|/Images/blog/blog-private-label-packaging.jpg
blog-product-certifications-china.html|/Images/blog/blog-product-certifications-china.jpg
blog-product-compliance-inspection.html|/Images/blog/blog-product-compliance-inspection.jpg
blog-product-design-china.html|/Images/blog/blog-product-design-china.jpg
blog-qc-photo-video-evidence.html|/Images/blog/blog-qc-photo-evidence.jpg
blog-reach-regulation-china.html|/Images/blog/blog-reach-regulation.jpg
blog-rohs-compliance-china.html|/Images/blog/blog-rohs-compliance.jpg
blog-sample-order-from-china-guide.html|/Images/blog/blog-sample-order-guide.jpg
blog-sea-freight-china.html|/Images/blog/blog-sea-freight-china.jpg
blog-shipping-cost-calculator-china.html|/Images/blog/blog-shipping-cost-calculator.jpg
blog-small-business-china-sourcing.html|/Images/blog/blog-7-first-time-sourcing-china-v2.jpg
blog-sourcing-agent-africa.html|/Images/blog/blog-sourcing-agent-africa.jpg
blog-sourcing-agent-australia.html|/Images/blog/blog-sourcing-agent-australia.jpg
blog-sourcing-agent-canada.html|/Images/blog/blog-sourcing-agent-canada.jpg
blog-sourcing-agent-fees-2026.html|/Images/blog/Service_Plans.png
blog-sourcing-agent-japan-korea.html|/Images/blog/blog-sourcing-agent-japan-korea.jpg
blog-sourcing-agent-latin-america.html|/Images/blog/blog-sourcing-agent-latin-america.jpg
blog-sourcing-agent-middle-east.html|/Images/blog/blog-sourcing-agent-middle-east.jpg
blog-sourcing-agent-usa.html|/Images/blog/blog-sourcing-agent-usa.jpg
blog-sourcing-return-defect-policy.html|/Images/blog/blog-return-defect-policy.jpg
blog-third-party-inspection-china.html|/Images/blog/blog-third-party-inspection.jpg
blog-tiktok-shop-fast-shipping.html|/Images/blog/blog-tiktok-shop-fast-shipping.jpg
blog-tiktok-shop-product-trends.html|/Images/blog/blog-3-tiktok-compliance-v2.jpg
blog-tiktok-shop-sourcing-china.html|/Images/blog/blog-tiktok-shop-sourcing.jpg
blog-tiktok-shop-wholesale.html|/Images/blog/blog-tiktok-shop-wholesale.jpg
blog-tracking-china-shipment.html|/Images/hero-warehouse-boxes.jpg
blog-trade-assurance-china.html|/Images/blog/blog-trade-assurance.jpg
blog-ukca-certification-china.html|/Images/blog/blog-ukca-certification.jpg
blog-verify-chinese-supplier-license.html|/Images/blog/Audit4.jpg
blog-what-is-a-sourcing-agent-2026.html|/Images/blog/blog-choosing-sourcing-service-model.png
blog-xtransfer-china-sourcing.html|/Images/blog/blog-xtransfer-sourcing.jpg
blog-yiwu-agent-for-foreigners.html|/Images/blog/blog-individual-seller-v7.jpg
blog-yiwu-market-guide-2026.html|/Images/blog/yiwu_Market.jpg
blog-yiwu-sourcing-agent-uk.html|/Images/blog/team.jpg
